tds_level,tds_percent,pe_level,pe_percent,bt_level,brew_temp_c,group,n_consumers,mean_liking_9pt,se,lower_cl,upper_cl,interaction,grouping_1_name,grouping_1,grouping_2_name,grouping_2,source_table
Low,1.00,Medium,20,all,all,all,118,6.15,0.11,5.94,6.36,TDS:PE,TDS/PE Groups,a,PE/TDS Groups,a,Cotter2021_SI Table S2
Medium,1.25,High,24,all,all,all,118,5.97,0.11,5.75,6.18,TDS:PE,TDS/PE Groups,a,PE/TDS Groups,a,Cotter2021_SI Table S2
Medium,1.25,Low,16,all,all,all,118,5.93,0.11,5.72,6.15,TDS:PE,TDS/PE Groups,a,PE/TDS Groups,a,Cotter2021_SI Table S2
High,1.50,High,24,all,all,all,118,5.86,0.11,5.65,6.08,TDS:PE,TDS/PE Groups,a,PE/TDS Groups,a,Cotter2021_SI Table S2
High,1.50,Medium,20,all,all,all,118,5.86,0.11,5.65,6.07,TDS:PE,TDS/PE Groups,b,PE/TDS Groups,a,Cotter2021_SI Table S2
Medium,1.25,Medium,20,all,all,all,118,5.82,0.11,5.60,6.03,TDS:PE,TDS/PE Groups,b,PE/TDS Groups,a,Cotter2021_SI Table S2
Low,1.00,High,24,all,all,all,118,5.79,0.11,5.58,6.01,TDS:PE,TDS/PE Groups,a,PE/TDS Groups,b,Cotter2021_SI Table S2
Low,1.00,Low,16,all,all,all,118,5.79,0.11,5.58,6.00,TDS:PE,TDS/PE Groups,a,PE/TDS Groups,b,Cotter2021_SI Table S2
High,1.50,Low,16,all,all,all,118,5.51,0.11,5.30,5.72,TDS:PE,TDS/PE Groups,b,PE/TDS Groups,b,Cotter2021_SI Table S2
Low,1.00,all,all,Medium,90,all,118,6.02,0.11,5.81,6.24,TDS:BT,TDS/BT Groups,a,BT/TDS Groups,a,Cotter2021_SI Table S2
Medium,1.25,all,all,Low,87,all,118,5.97,0.11,5.75,6.18,TDS:BT,TDS/BT Groups,a,BT/TDS Groups,a,Cotter2021_SI Table S2
High,1.50,all,all,Low,87,all,118,5.93,0.11,5.72,6.15,TDS:BT,TDS/BT Groups,a,BT/TDS Groups,a,Cotter2021_SI Table S2
Medium,1.25,all,all,Medium,90,all,118,5.90,0.11,5.68,6.11,TDS:BT,TDS/BT Groups,a,BT/TDS Groups,a,Cotter2021_SI Table S2
Low,1.00,all,all,Low,87,all,118,5.86,0.11,5.65,6.08,TDS:BT,TDS/BT Groups,a,BT/TDS Groups,a,Cotter2021_SI Table S2
Medium,1.25,all,all,High,93,all,118,5.85,0.11,5.64,6.06,TDS:BT,TDS/BT Groups,a,BT/TDS Groups,a,Cotter2021_SI Table S2
Low,1.00,all,all,High,93,all,118,5.84,0.11,5.63,6.05,TDS:BT,TDS/BT Groups,a,BT/TDS Groups,a,Cotter2021_SI Table S2
High,1.50,all,all,High,93,all,118,5.83,0.11,5.61,6.04,TDS:BT,TDS/BT Groups,a,BT/TDS Groups,a,Cotter2021_SI Table S2
High,1.50,all,all,Medium,90,all,118,5.47,0.11,5.26,5.68,TDS:BT,TDS/BT Groups,b,BT/TDS Groups,b,Cotter2021_SI Table S2
all,all,Medium,20,Low,87,all,118,6.05,0.10,5.84,6.25,PE:BT,PE/BT Groups,a,BT/PE Groups,a,Cotter2021_SI Table S2
all,all,High,24,High,93,all,118,6.04,0.11,5.84,6.25,PE:BT,PE/BT Groups,a,BT/PE Groups,a,Cotter2021_SI Table S2
all,all,Medium,20,Medium,90,all,118,5.97,0.11,5.76,6.18,PE:BT,PE/BT Groups,a,BT/PE Groups,ab,Cotter2021_SI Table S2
all,all,Low,16,Low,87,all,118,5.88,0.10,5.68,6.09,PE:BT,PE/BT Groups,a,BT/PE Groups,a,Cotter2021_SI Table S2
all,all,High,24,Low,87,all,118,5.84,0.11,5.63,6.04,PE:BT,PE/BT Groups,a,BT/PE Groups,ab,Cotter2021_SI Table S2
all,all,Medium,20,High,93,all,118,5.80,0.11,5.60,6.01,PE:BT,PE/BT Groups,b,BT/PE Groups,b,Cotter2021_SI Table S2
all,all,High,24,Medium,90,all,118,5.74,0.11,5.54,5.95,PE:BT,PE/BT Groups,ab,BT/PE Groups,b,Cotter2021_SI Table S2
all,all,Low,16,Medium,90,all,118,5.68,0.10,5.47,5.88,PE:BT,PE/BT Groups,b,BT/PE Groups,a,Cotter2021_SI Table S2
all,all,Low,16,High,93,all,118,5.67,0.10,5.47,5.88,PE:BT,PE/BT Groups,b,BT/PE Groups,a,Cotter2021_SI Table S2
Medium,1.25,Low,16,all,all,cluster1,51,6.34,0.14,6.07,6.61,TDS:PE,TDS/PE Groups,a,PE/TDS Groups,a,Cotter2021_SI Table S3
Medium,1.25,High,24,all,all,cluster1,51,6.32,0.14,6.05,6.59,TDS:PE,TDS/PE Groups,a,PE/TDS Groups,a,Cotter2021_SI Table S3
High,1.50,Medium,20,all,all,cluster1,51,6.24,0.14,5.97,6.50,TDS:PE,TDS/PE Groups,a,PE/TDS Groups,b,Cotter2021_SI Table S3
High,1.50,Low,16,all,all,cluster1,51,6.16,0.14,5.89,6.43,TDS:PE,TDS/PE Groups,a,PE/TDS Groups,b,Cotter2021_SI Table S3
High,1.50,High,24,all,all,cluster1,51,6.10,0.14,5.84,6.37,TDS:PE,TDS/PE Groups,ab,PE/TDS Groups,b,Cotter2021_SI Table S3
Low,1.00,Medium,20,all,all,cluster1,51,5.96,0.14,5.69,6.23,TDS:PE,TDS/PE Groups,ab,PE/TDS Groups,a,Cotter2021_SI Table S3
Medium,1.25,Medium,20,all,all,cluster1,51,5.80,0.14,5.53,6.07,TDS:PE,TDS/PE Groups,b,PE/TDS Groups,b,Cotter2021_SI Table S3
Low,1.00,High,24,all,all,cluster1,51,5.78,0.14,5.52,6.05,TDS:PE,TDS/PE Groups,b,PE/TDS Groups,ab,Cotter2021_SI Table S3
Low,1.00,Low,16,all,all,cluster1,51,5.48,0.14,5.22,5.75,TDS:PE,TDS/PE Groups,b,PE/TDS Groups,a,Cotter2021_SI Table S3
Low,1.00,Medium,20,all,all,cluster2,67,6.29,0.12,6.05,6.52,TDS:PE,TDS/PE Groups,a,PE/TDS Groups,a,Cotter2021_SI Table S3
Low,1.00,Low,16,all,all,cluster2,67,6.01,0.12,5.78,6.25,TDS:PE,TDS/PE Groups,a,PE/TDS Groups,ab,Cotter2021_SI Table S3
Medium,1.25,Medium,20,all,all,cluster2,67,5.83,0.12,5.59,6.06,TDS:PE,TDS/PE Groups,b,PE/TDS Groups,a,Cotter2021_SI Table S3
Low,1.00,High,24,all,all,cluster2,67,5.78,0.12,5.54,6.01,TDS:PE,TDS/PE Groups,a,PE/TDS Groups,b,Cotter2021_SI Table S3
Medium,1.25,High,24,all,all,cluster2,67,5.69,0.12,5.45,5.92,TDS:PE,TDS/PE Groups,a,PE/TDS Groups,a,Cotter2021_SI Table S3
High,1.50,High,24,all,all,cluster2,67,5.67,0.12,5.44,5.91,TDS:PE,TDS/PE Groups,a,PE/TDS Groups,a,Cotter2021_SI Table S3
Medium,1.25,Low,16,all,all,cluster2,67,5.63,0.12,5.40,5.87,TDS:PE,TDS/PE Groups,b,PE/TDS Groups,a,Cotter2021_SI Table S3
High,1.50,Medium,20,all,all,cluster2,67,5.60,0.12,5.36,5.83,TDS:PE,TDS/PE Groups,b,PE/TDS Groups,a,Cotter2021_SI Table S3
High,1.50,Low,16,all,all,cluster2,67,5.01,0.12,4.78,5.24,TDS:PE,TDS/PE Groups,c,PE/TDS Groups,b,Cotter2021_SI Table S3
Medium,1.25,all,all,Medium,90,cluster1,51,6.39,0.14,6.12,6.65,TDS:BT,TDS/BT Groups,a,BT/TDS Groups,a,Cotter2021_SI Table S3
High,1.50,all,all,High,93,cluster1,51,6.38,0.14,6.11,6.65,TDS:BT,TDS/BT Groups,a,BT/TDS Groups,a,Cotter2021_SI Table S3
High,1.50,all,all,Low,87,cluster1,51,6.29,0.14,6.03,6.56,TDS:BT,TDS/BT Groups,a,BT/TDS Groups,a,Cotter2021_SI Table S3
Medium,1.25,all,all,Low,87,cluster1,51,6.06,0.14,5.79,6.33,TDS:BT,TDS/BT Groups,ab,BT/TDS Groups,a,Cotter2021_SI Table S3
Medium,1.25,all,all,High,93,cluster1,51,6.01,0.14,5.74,6.28,TDS:BT,TDS/BT Groups,ab,BT/TDS Groups,a,Cotter2021_SI Table S3
High,1.50,all,all,Medium,90,cluster1,51,5.83,0.14,5.56,6.10,TDS:BT,TDS/BT Groups,b,BT/TDS Groups,b,Cotter2021_SI Table S3
Low,1.00,all,all,Low,87,cluster1,51,5.75,0.14,5.48,6.02,TDS:BT,TDS/BT Groups,b,BT/TDS Groups,a,Cotter2021_SI Table S3
Low,1.00,all,all,High,93,cluster1,51,5.75,0.14,5.48,6.02,TDS:BT,TDS/BT Groups,b,BT/TDS Groups,a,Cotter2021_SI Table S3
Low,1.00,all,all,Medium,90,cluster1,51,5.73,0.14,5.46,5.99,TDS:BT,TDS/BT Groups,b,BT/TDS Groups,a,Cotter2021_SI Table S3
Low,1.00,all,all,Medium,90,cluster2,67,6.27,0.12,6.03,6.50,TDS:BT,TDS/BT Groups,a,BT/TDS Groups,a,Cotter2021_SI Table S3
Low,1.00,all,all,Low,87,cluster2,67,5.93,0.12,5.69,6.16,TDS:BT,TDS/BT Groups,a,BT/TDS Groups,b,Cotter2021_SI Table S3
Low,1.00,all,all,High,93,cluster2,67,5.89,0.12,5.65,6.12,TDS:BT,TDS/BT Groups,a,BT/TDS Groups,b,Cotter2021_SI Table S3
Medium,1.25,all,all,Low,87,cluster2,67,5.88,0.12,5.65,6.11,TDS:BT,TDS/BT Groups,a,BT/TDS Groups,a,Cotter2021_SI Table S3
Medium,1.25,all,all,High,93,cluster2,67,5.73,0.12,5.50,5.97,TDS:BT,TDS/BT Groups,ab,BT/TDS Groups,ab,Cotter2021_SI Table S3
High,1.50,all,all,Low,87,cluster2,67,5.68,0.12,5.44,5.91,TDS:BT,TDS/BT Groups,a,BT/TDS Groups,a,Cotter2021_SI Table S3
Medium,1.25,all,all,Medium,90,cluster2,67,5.53,0.12,5.30,5.77,TDS:BT,TDS/BT Groups,b,BT/TDS Groups,b,Cotter2021_SI Table S3
High,1.50,all,all,High,93,cluster2,67,5.43,0.12,5.19,5.66,TDS:BT,TDS/BT Groups,b,BT/TDS Groups,ab,Cotter2021_SI Table S3
High,1.50,all,all,Medium,90,cluster2,67,5.17,0.12,4.94,5.41,TDS:BT,TDS/BT Groups,c,BT/TDS Groups,b,Cotter2021_SI Table S3
all,all,High,24,High,93,cluster1,51,6.44,0.14,6.17,6.71,PE:BT,BT/PE Groups,a,PE/BT Groups,a,Cotter2021_SI Table S3
all,all,Medium,20,Medium,90,cluster1,51,6.23,0.14,5.96,6.50,PE:BT,BT/PE Groups,a,PE/BT Groups,a,Cotter2021_SI Table S3
all,all,Low,16,Low,87,cluster1,51,6.21,0.14,5.94,6.48,PE:BT,BT/PE Groups,a,PE/BT Groups,a,Cotter2021_SI Table S3
all,all,Medium,20,Low,87,cluster1,51,6.15,0.14,5.88,6.42,PE:BT,BT/PE Groups,a,PE/BT Groups,a,Cotter2021_SI Table S3
all,all,Low,16,High,93,cluster1,51,6.09,0.14,5.82,6.36,PE:BT,BT/PE Groups,a,PE/BT Groups,a,Cotter2021_SI Table S3
all,all,High,24,Medium,90,cluster1,51,6.03,0.14,5.76,6.29,PE:BT,BT/PE Groups,b,PE/BT Groups,ab,Cotter2021_SI Table S3
all,all,High,24,Low,87,cluster1,51,5.75,0.14,5.48,6.01,PE:BT,BT/PE Groups,b,PE/BT Groups,b,Cotter2021_SI Table S3
all,all,Low,16,Medium,90,cluster1,51,5.69,0.14,5.42,5.95,PE:BT,BT/PE Groups,b,PE/BT Groups,b,Cotter2021_SI Table S3
all,all,Medium,20,Medium,90,cluster1,51,5.61,0.14,5.35,5.88,PE:BT,BT/PE Groups,b,PE/BT Groups,b,Cotter2021_SI Table S3
all,all,Medium,20,Low,87,cluster2,67,5.97,0.12,5.74,6.20,PE:BT,BT/PE Groups,a,PE/BT Groups,a,Cotter2021_SI Table S3
all,all,Medium,20,High,93,cluster2,67,5.94,0.12,5.71,6.17,PE:BT,BT/PE Groups,a,PE/BT Groups,a,Cotter2021_SI Table S3
all,all,High,24,Low,87,cluster2,67,5.88,0.12,5.65,6.11,PE:BT,BT/PE Groups,a,PE/BT Groups,ab,Cotter2021_SI Table S3
all,all,Medium,20,Medium,90,cluster2,67,5.80,0.12,5.57,6.04,PE:BT,BT/PE Groups,a,PE/BT Groups,a,Cotter2021_SI Table S3
all,all,High,24,High,93,cluster2,67,5.75,0.12,5.52,5.99,PE:BT,BT/PE Groups,ab,PE/BT Groups,a,Cotter2021_SI Table S3
all,all,Low,16,Medium,90,cluster2,67,5.67,0.12,5.44,5.91,PE:BT,BT/PE Groups,a,PE/BT Groups,a,Cotter2021_SI Table S3
all,all,Low,16,Low,87,cluster2,67,5.63,0.12,5.40,5.87,PE:BT,BT/PE Groups,a,PE/BT Groups,b,Cotter2021_SI Table S3
all,all,High,24,Medium,90,cluster2,67,5.50,0.12,5.27,5.74,PE:BT,BT/PE Groups,b,PE/BT Groups,a,Cotter2021_SI Table S3
all,all,Low,16,High,93,cluster2,67,5.35,0.12,5.12,5.59,PE:BT,BT/PE Groups,a,PE/BT Groups,b,Cotter2021_SI Table S3
